year,float_id,avg_latitude,avg_longitude,avg_salinity
2010.0,2900558,12.933803643724728,61.65671153846192,35.68018069331986
2010.0,2900559,1.7157105263157826,65.19508147773286,35.18614036437246
2010.0,2900562,0.2597449432659084,52.424861864825154,35.15570589047852
2010.0,2900563,7.938581725888348,53.20372588832518,35.39732344162436
2010.0,2900566,-0.6328454320987631,84.80221777777771,35.06633272098768
2010.0,2900570,-2.4102424691357967,94.86299111111076,34.900894814814784
2010.0,2900754,9.035792418772585,61.79170637785915,35.40090317087846
2010.0,2900755,16.972532170775583,90.27432892363197,34.63811120865903
2010.0,2900756,17.004822875816966,93.22150457516389,34.569243346405266
2010.0,2900759,-3.7507603748326983,84.45535542168601,34.95283409638552
2010.0,2900760,-10.035540376106166,76.85848727876147,34.757385304203524
2010.0,2900761,-12.24370933333327,61.93130933333299,34.915001199999985
2010.0,2900762,-2.5580270270270287,78.79056756756665,35.00885014340874
2010.0,2900764,5.382463590883816,93.63446414674854,34.764980016675985
2010.0,2900768,11.969864077670023,83.73303606102651,34.65552173370322
2010.0,2900769,18.134395245992017,64.28296462133788,35.76702241569923
2010.0,2900770,15.08867716970721,66.54377556661115,35.6502602708679
2010.0,2900771,13.320002208724404,69.33083324130321,35.51688758144667
2010.0,2900773,14.47365788468881,64.21979343260806,35.763168285605104
2010.0,2900774,11.19266390270879,66.1792968490884,35.48923771697067
2010.0,2900776,8.335822920811689,68.93153044170313,35.39441188619178
2010.0,2900777,8.84827027027018,68.6253243243244,35.32790562051845
2010.0,2900780,4.254595008508205,68.91244639818473,35.166817872943824
2010.0,2900781,4.399000000000014,62.93963888888816,35.27566229264475
2010.0,2900782,6.676570344424999,64.29023350846508,35.289135329830714
2010.0,2900877,11.546388888889052,59.14655555555574,35.491659444444494
2010.0,2900880,3.3462296718972926,70.22171754636223,35.03729696148357
2010.0,2900881,3.5405000000000246,64.66205555555628,35.171384019274385
2010.0,2900882,10.794510994764314,84.69584816753968,34.83814612565437
2010.0,2900883,9.887286967741902,87.72449703225932,34.83394064516129
2010.0,2901073,10.260253546099456,83.44340189125377,34.74526477541366
2010.0,2901074,20.292738636363644,91.59278787878812,33.37611897727273
2010.0,2901076,3.938244067796616,67.92071751412463,35.18265033333335
2010.0,2901079,-3.0675256764219,70.10086471562732,35.02207077857536
2010.0,2901080,-2.3324811738649087,73.98707308970019,35.03291174418602
2010.0,2901082,-0.6188514469453407,60.919180064307774,35.13544677170414
2010.0,2901083,2.8810147329650215,89.3300303867405,34.91634730662982
2010.0,2901084,2.469630123927592,87.46307959961975,34.95474342230694
2010.0,2901085,-0.4784316991908596,61.62401094716809,35.16313257972396
2010.0,2901088,-13.673001828153621,78.65180987202956,34.70399921389398
2010.0,2901089,-12.778229981377978,57.9148272811919,34.93192597765366
2010.0,2901090,2.565512137077544,81.0459504997601,35.02611865778208
2010.0,2901091,4.0029106463878215,84.88981653992292,34.92840269011405
2010.0,2901092,-0.6421048118151569,89.88254978561316,34.9543421200572
2010.0,2901253,19.22800413052423,87.1797112763305,34.77246894671624
2010.0,2901254,6.089812500000019,84.70733333333284,34.86727741593574
2010.0,2901255,15.947566405193106,88.14024668650097,34.607546272653515
2010.0,2901256,15.373432992980215,86.73318219527712,34.6076599074665
2010.0,2901257,4.166395649922266,87.04982703262637,34.85878861211807
2010.0,2901258,-15.508489505247374,61.624792353823096,34.891501619190386
2010.0,2901259,-12.78564527757762,65.5998795962521,34.8404420115357
2010.0,2901260,-5.132328279498993,68.58982135794285,35.02625038233352
2010.0,2901261,-8.715179419525013,59.593156992084126,34.94747387203159
2010.0,2901262,-15.205656460045038,62.309477968633715,34.96504679611649
2010.0,2901263,-9.28036861861868,60.29445045045043,34.98596178678669
2010.0,2901264,-12.836775555555647,64.33439555555582,34.775038811111095
2010.0,2901265,-9.21311463590486,66.24755731795169,34.901549113193916
2010.0,2901267,-16.42328089887638,60.70929073033799,34.936613602528105
2010.0,2901283,10.507650000000062,85.19506714285731,34.79352720000003
2010.0,2901284,9.657071242398088,86.50578105994848,34.88727415291054
2010.0,2901285,8.388387862796867,87.07708707123959,34.8089551451187
2010.0,2901286,9.055315714285749,88.58495285714247,34.748722857142866
2010.0,2901287,10.212968526466366,89.84106151645209,34.684981402002876
2010.0,2901288,11.837868749999977,88.8726859374994,34.70924125000004
2010.0,2901289,14.003145114942642,88.97168821839063,34.532536020115
2010.0,2901290,15.92314714285724,90.62807714285692,34.43332231428573
2010.0,2901291,17.163657977059437,89.71732742440014,34.79796922836292
2010.0,2901292,18.373020725388553,89.28193264248671,34.52733226252158
2010.0,2901293,15.456576850094859,86.5680246679311,34.58334914611006
2010.0,2901294,0.053024615384615136,80.58834153846135,35.03905400000001
2010.0,2901296,1.7066051502145947,78.0183562231758,35.07271652360515
2010.0,4900510,0.5666158024691338,79.06633629629613,35.10998781728395
2010.0,4900668,0.5624721377912859,79.26898378925999,35.11670406788246
2011.0,2900558,13.837830993239615,60.2463655746225,35.715018741549585
2011.0,2900559,0.9919929683576009,65.87714013058746,35.155387122049255
2011.0,2900562,-2.8114727822580305,51.829469758064974,35.13346840725813
2011.0,2900563,10.053805672268874,53.303481617647286,35.45801191701678
2011.0,2900565,2.73,93.22899999999997,34.86839288461538
2011.0,2900566,1.323906813627254,88.77609168336568,35.00203417835674
2011.0,2900570,-3.275636773547082,96.21786022043959,34.917275350701395
2011.0,2900755,16.406206555349204,90.38888188002437,34.60221860853427
2011.0,2900756,17.402219337511173,92.2873267681286,34.542516911369795
2011.0,2900760,-10.16956024096388,79.99914457831315,34.8519518072289
2011.0,2900762,-1.6670262557077653,82.49324543379034,35.006603413241976
2011.0,2900769,18.852077952755984,63.99722204724361,35.76598951968504
2011.0,2900770,13.707249999999899,67.04786111111008,35.57120472789112
2011.0,2900771,12.222805555555551,70.55666666666728,35.40996850907024
2011.0,2900773,13.346391015824373,65.36708473711093,35.702177611026
2011.0,2900774,9.213954856361136,67.22470314637431,35.331090547195615
2011.0,2900776,7.925203888098539,69.08278425794327,35.318809345661485
2011.0,2900777,8.512853548387183,69.41938516128981,35.24703636774193
2011.0,2900780,3.493546692606959,67.64155447470782,35.11369236381318
2011.0,2900781,4.139594594594586,66.3428108108107,35.232305454891474
2011.0,2900782,4.261752553915966,63.5596623155501,35.20415436435878
2011.0,2900877,10.728745715865182,59.22957766721845,35.51382234936428
2011.0,2900880,0.9628888888888889,69.97977777777777,11.603555555555555
2011.0,2900881,6.274583333333326,63.003166666667376,35.26102295068027
2011.0,2900883,11.393281212121087,86.00993090909095,34.84674242424248
2011.0,2901073,6.20718169761278,87.17251591512034,34.8732541114059
2011.0,2901076,2.7656944444444362,69.41516666666655,35.10779906462587
2011.0,2901079,-3.1566666666666845,74.2501111111113,34.98038032312926
2011.0,2901080,-0.9733611111111072,80.43300000000086,35.00967565759639
2011.0,2901083,3.4824750118991217,90.0392912898617,34.84302984293186
2011.0,2901084,3.0354710884353646,83.04708163265299,34.98631883786846
2011.0,2901085,0.4284946783896303,61.37377695511322,35.189472309116255
2011.0,2901089,-12.459250000000027,51.70267138671919,35.045918691406285
2011.0,2901090,1.2804082675336559,86.0657844867615,34.98611387366462
2011.0,2901091,3.9100961449141036,82.95708360427342,34.94213322805386
2011.0,2901092,-1.7939066418950584,95.04079006038144,34.861018996748776
2011.0,2901258,-19.062521186440478,53.20517917675601,35.11218559927363
2011.0,2901259,-8.020386901152264,62.83570406306831,34.98816403881137
2011.0,2901260,-4.760226723095547,70.53568016928645,34.98770298065307
2011.0,2901261,-12.633729860690504,64.17721683827995,34.98840611750452
2011.0,2901262,-18.848856537530093,60.69049697336576,35.096175980629575
2011.0,2901263,-13.054493325242776,59.497992718445595,35.02023896237868
2011.0,2901265,-11.188854468598969,69.96682971014485,34.91258686594204
2011.0,2901266,0.24278089887640425,81.62186329588008,35.03866112359547
2011.0,2901267,-18.746662710805897,54.12611430356085,35.11098625234231
2011.0,2901283,14.348643864598143,83.46661894687342,34.70677846262345
2011.0,2901284,12.09676804201052,84.53906001500279,34.85136180045016
2011.0,2901285,9.400672285095206,86.19825644112676,34.767405008427644
2011.0,2901286,9.819921761536508,87.54430873740876,34.704111033028866
2011.0,2901287,12.775183501289304,90.70712866182278,34.54736606515102
2011.0,2901288,11.684489441325901,85.78901978080654,34.71934334402568
2011.0,2901289,13.563660408354803,86.92188781976034,34.65833358601269
2011.0,2901290,16.9771311801243,91.98116223602449,34.489418377639765
2011.0,2901291,18.09582918918959,90.36172077220057,34.79708726023162
2011.0,2901292,17.90122629310349,87.02576077586163,34.603044184113315
2011.0,2901293,14.876934976525742,83.70286807511904,34.6132795774648
2011.0,2901294,0.19640625935907818,85.2947734351587,34.961527634022154
2011.0,2901296,0.588636144940619,75.79144444444306,34.988878227334254
2011.0,2901297,-26.956535788381856,55.12892271784185,35.080140155601526
2011.0,2901298,-35.845861961598075,51.497797093928426,35.10908320186817
2011.0,2901299,-37.257605919003446,58.444838525441,35.08144023364492
2011.0,2901300,-46.279895064934905,71.88860987013041,34.32785904935068
2011.0,2901301,-47.261724156400575,68.3392715586496,34.18045713979646
2011.0,2901302,-50.62943936052954,61.29275413450957,34.1930638257994
2011.0,2901303,-53.432710005350614,60.89247030497598,34.258539395398635
2011.0,2901304,-57.417743913435345,64.4982245266006,34.3147568349865
2011.0,2901305,-58.257967598475325,58.56941296060998,34.32802933290977
2011.0,2901306,-61.50048690671004,60.89560065466478,34.42678730769231
2011.0,2901307,17.771850946853913,68.14003359804516,35.69602177764204
2011.0,2901308,-14.27573930589156,78.75310411622253,34.94481827011027
2011.0,2901309,-15.767137223554847,78.51303703703766,34.956545864641605
2011.0,2901310,-15.759050719473677,79.48890206559761,34.78118204303742
2011.0,2901311,-10.275188685208695,78.31205341340115,34.91777097661193
2011.0,2901312,-0.2688448183760669,84.79404967948787,34.94660547809824
2011.0,2901313,-13.518710991787758,71.03862034112433,34.9747260486418
2011.0,2901314,-12.98046711153518,67.67072036860523,35.01793163330167
2011.0,2901315,-14.516713622804671,81.4997739476297,34.866077689758036
2011.0,2901316,-10.482806419257859,81.78604212637978,34.80538679037108
2011.0,2901317,-10.865788150808008,79.9885517654091,34.92078124476361
2011.0,2901318,-7.1543561507936,76.46202943121557,34.888574031084566
2011.0,2901319,-8.025915838303451,76.63851225977443,34.94470515573226
2011.0,2901320,-6.944208893484943,79.06611065149947,35.01185057911062
2011.0,2901321,-6.920831225033277,83.22800798934962,34.812404117842895
2011.0,2901322,-13.076663600612626,80.4324264107688,34.77357659251781
2011.0,2901323,-1.0614601119664187,84.27283694891408,35.02309417774662
2011.0,2901324,-6.882750914714169,84.4790770348655,34.775313839378235
2011.0,2901325,0.08701454797367615,85.27877900935187,35.00836966747488
2011.0,2901326,1.5765657620041922,82.04224425887216,35.035780974251914
2011.0,2901327,14.901239230510159,82.37084729967124,34.876772143418584
2011.0,2901328,12.318649499284529,85.63335407725197,34.743151351931296
2011.0,2901329,11.537637070343148,85.52016336040275,34.89652080872487
2011.0,2901330,11.129493965617941,85.2561008964277,34.89896856688278
2011.0,2901331,10.456928521673957,86.38335317337727,34.89995393885458
2011.0,2901332,10.92944603703372,89.90393797939186,34.87912080072839
2011.0,2901333,15.27527627337119,89.3800815200003,34.85501949427803
2011.0,2901334,16.677945106293457,88.43634191306334,34.87013981052811
2011.0,2901335,16.968907328508404,87.56463956378884,34.86588019071641
2011.0,2901336,17.340228622386824,89.0747510545861,34.855539794316364
2011.0,2901337,19.068999999999985,66.81899999999997,35.761932203389826
2011.0,2901338,20.266,66.20100000000001,35.86105172413794
2011.0,2901339,21.134999999999994,65.4720000000001,35.85694186440677
2011.0,2901340,17.933999999999994,68.22600000000008,35.5770179661017
2011.0,4900510,-0.333473300970873,84.39531553397994,35.05391873179616
2011.0,4900668,-0.4618987468671686,84.59458245614,35.05989023057641
2012.0,2900559,0.4358844221105528,67.72321105527656,35.18352562814073
2012.0,2900562,-3.360685534591193,62.10925786163488,35.114041446540895
2012.0,2900563,10.498167192429015,51.89593059936925,35.57257356466877
2012.0,2900566,2.2355674232309624,91.43220160213707,35.01780253671564
2012.0,2900570,-3.8062689747003997,97.98640479360755,34.862231624500666
2012.0,2900755,15.985876923076802,89.98972727272766,34.47829222377621
2012.0,2900770,12.660537396121933,67.32319390581713,35.53001339335182
2012.0,2900771,12.783735173824088,70.42646728016382,35.41539013292434
2012.0,2900781,2.6409363057324753,66.49453184713407,35.15775339171973
2012.0,2900782,2.7969999999999984,64.38299999999995,35.170701224489804
2012.0,2900877,8.568674361088148,59.813107996702996,35.42073904369332
2012.0,2900880,-0.9256,75.3914,8.4306
2012.0,2901073,5.349201421800939,88.47503791469184,35.062272511848306
2012.0,2901076,2.355681818181823,69.3740825942351,35.12726353104209
2012.0,2901079,-1.535082317073172,76.87239253048712,34.97171861280488
2012.0,2901080,0.16634842995169094,82.50563707729481,34.95814974033819
2012.0,2901083,5.626583486238556,90.37588899082566,34.85555444954127
2012.0,2901085,-2.536600000000019,49.57453285714321,35.183536204761985
2012.0,2901089,-12.696705197132761,47.18446057347652,35.11363027777778
2012.0,2901090,1.8094123017779982,93.45523402210495,34.83552021143679
2012.0,2901091,6.620437956204434,78.49711459854001,34.94649163503652
2012.0,2901092,-3.151989956958394,99.5051889048304,34.756650535628864
2012.0,2901258,-20.566999999999993,52.84494624999996,35.185700281249964
2012.0,2901259,-7.036334190231396,58.720169023136464,35.04316644601545
2012.0,2901260,-4.875513043478289,72.56480124223722,34.950836925465794
2012.0,2901261,-15.087141073657904,65.86396816479444,35.01962346441943
2012.0,2901262,-20.920852294154557,58.208175361407704,35.17501886863614
2012.0,2901263,-12.2964679127726,55.35863800622959,35.01233643613697
2012.0,2901265,-12.642005047318738,62.14519621451159,34.90336040378548
2012.0,2901266,0.3699947183098572,77.52023239436566,35.05446948943664
2012.0,2901267,-20.049962709757704,54.71082224984447,35.146507141081365
2012.0,2901283,16.900490968801044,86.59248791930452,34.61769369692707
2012.0,2901284,12.33457454545455,81.84815090909163,34.82995752727275
2012.0,2901285,10.043957421503398,84.51890152235973,34.80399000951474
2012.0,2901286,8.63495943728015,85.61186611957686,34.78834161781942
2012.0,2901287,13.154272983114227,90.78710178236439,34.51210670731717
2012.0,2901288,12.722090227326065,86.25088797750219,34.69210016404971
2012.0,2901289,14.14512994614827,86.63093397330839,34.61559324280032
2012.0,2901290,17.98975552699207,91.25982185089842,34.42799249614397
2012.0,2901291,17.608815427857998,89.60492489069244,34.82619361336662
2012.0,2901292,17.220017292623695,90.59975439070625,34.466894828424785
2012.0,2901293,14.10683227383857,83.44667652811762,34.648161124694305
2012.0,2901294,0.5617535423575702,92.50340548688546,34.91629724902021
2012.0,2901296,1.6370510419812512,80.11480383569919,34.969330450015136
2012.0,2901297,-25.657603887089422,51.03657936140635,35.116670772790336
2012.0,2901298,-39.062049165120314,50.45281818181894,35.138629962894214
2012.0,2901299,-38.474494992847006,56.78704053409697,35.10518466380537
2012.0,2901300,-46.243317792578445,88.55470884871634,34.364884267364445
2012.0,2901301,-49.23629237875218,75.26400415704381,34.232913681293304
2012.0,2901302,-51.02765219399579,63.934164896073476,34.163068660508
2012.0,2901303,-53.71148736289944,73.91927706247014,34.25847135908442
2012.0,2901306,-60.83280633147091,84.5514650837979,34.442962043761675
2012.0,2901307,16.42417753120651,66.55407535829978,35.706684849745756
2012.0,2901308,-14.789079090738428,80.07881100882962,34.900032729663835
2012.0,2901309,-15.638079526226706,75.95801410039552,34.97472806918603
2012.0,2901310,-17.1080826398853,76.33050416068909,34.81980516499284
2012.0,2901311,-9.99762168765281,79.00683255027192,34.77508076865249
2012.0,2901312,0.33354725085910236,76.2110097365419,34.97352307703324
2012.0,2901313,-12.87738876362262,65.57350206689149,34.92857447200301
2012.0,2901314,-11.238647830317136,71.21048807166721,34.94500083207267
2012.0,2901315,-13.713587836565734,85.83862285822012,34.76033660139335
2012.0,2901318,-5.361086015433943,80.4940478072648,34.83038403538489
2012.0,2901319,-9.472774539300206,75.33764272282848,34.80935470101535
2012.0,2901321,-6.450885379232128,80.80023567240474,34.859720677132586
2012.0,2901322,-12.256725115074817,69.37509853279604,34.77908026467216
2012.0,2901323,-0.19783462675535615,78.83504656319381,35.04213374722827
2012.0,2901324,-8.355456358381666,78.49612052022977,34.78409485549128
2012.0,2901325,0.3035857169219487,79.00717918434975,35.05691026388649
2012.0,2901326,1.092472380253324,71.2298768581365,35.1720309983483
2012.0,2901327,15.784436911049262,86.19382135656012,34.86061505658055
2012.0,2901328,13.118883319638373,81.94424157764922,34.671603130649125
2012.0,2901329,11.056951928525622,85.68181101932676,34.88126420822498
2012.0,2901330,10.307252692032145,86.03650112901258,34.89512244860651
2012.0,2901331,10.807476498697845,88.2264919917993,34.8830601903241
2012.0,2901332,10.342283308177686,90.07464022404736,34.873892674981995
2012.0,2901333,14.589021302852357,88.77788290498913,34.84580739178495
2012.0,2901334,16.35598439230967,87.65027187039598,34.8567788117181
2012.0,2901335,18.233945289031933,86.86496545193218,34.862929153217664
2012.0,2901336,16.834370256138953,87.53668426067108,34.85780270568534
2012.0,2901337,17.125793726235663,65.93594534220438,35.73697100760464
2012.0,2901338,19.843512950971185,66.90444865864966,35.80428769657728
2012.0,2901339,20.836447064262497,67.15019602403943,35.821442935737394
2012.0,2901340,19.25237221269299,68.50129159519705,35.74360259576902
2012.0,2901341,-28.665692532942916,64.42127769643793,35.12854891654466
2012.0,2901342,-36.86646496815247,50.08344830965176,35.09048251837329
2012.0,2901343,-39.58468783585749,68.69709916951618,34.99347449926718
2012.0,2901344,-42.281470321931714,70.83575553319902,34.793578838028125
2012.0,2901345,-43.67989039718503,72.04701005530367,34.82138925087983
2012.0,2901346,-45.629328815260855,82.25843423694761,34.544926706827276
2012.0,2901347,-50.40775591343753,62.41746250628992,34.190780135883266
2012.0,2901348,-48.90799644308906,62.98078810975574,34.17868919715449
2012.0,2901349,-52.93326737160108,65.29371148036194,34.22142495971803
2012.0,2901350,-44.937803108808325,76.09050466321165,34.50225430051815
2012.0,2901351,-5.928169524470875,65.78724534910903,34.93672164885499
2012.0,2902066,-13.388012827663262,63.358935303959484,34.866211846068055
2012.0,2902067,-13.7647856377278,67.82140407288375,34.83695659163989
2012.0,2902068,-12.531895799236336,72.07083415166463,34.808687943262385
2012.0,2902069,-14.877765111346928,72.91591092258817,34.81600371155885
2012.0,2902070,-13.146450364553994,80.32082501402016,34.75255412226586
2012.0,2902071,-8.346712066905646,74.82246356033423,34.80721366531552
2012.0,2902072,-3.5922085650723043,81.60225806451707,34.84730033370418
2012.0,2902073,-0.786710788064257,82.65888714613648,34.97706280413156
2012.0,2902074,1.725945191080766,82.05764064648528,34.96324466571832
2012.0,2902075,-1.200941221374026,82.29182748091483,34.91798091603054
2012.0,2902076,-3.8351847908744343,80.07330114068483,34.82893840304179
2012.0,2902077,-1.3544108949416234,83.84467003891024,34.910378210116725
2012.0,2902078,0.10141856925418496,80.70451522069976,34.950555464231364
2012.0,2902079,1.3475451070336315,83.77886238532112,34.94665192660543
2012.0,2902080,2.923373809523811,84.63468095238184,34.93427539682543
2012.0,2902081,5.657752097635339,87.81149580472879,34.81227917620136
2012.0,2902082,6.5641262321720975,87.27931035754392,34.817769808575825
2012.0,2902083,7.887246487592363,89.2214797855182,34.81666079632461
2012.0,2902084,11.656886307053753,87.56297178423162,34.81652901244815
2012.0,2902085,-4.98951851851854,82.62960493827201,34.77272839506172
2012.0,2902086,12.186492997198846,88.68972495798346,34.79197899159663
2012.0,4900668,-1.0267936085219744,88.48166844207755,34.97295082556594
2013.0,2901076,2.0907720207253906,67.5820310880829,35.12465751295337
2013.0,2901085,-3.3076498277841333,48.31767451205504,35.14547950057401
2013.0,2901090,5.47930523255809,93.36900218023271,34.70576162790697
2013.0,2901092,-5.347255842558453,102.94764329643273,34.622060842558405
2013.0,2901258,-19.536244695898194,52.39446039603905,35.11952051626592
2013.0,2901259,-5.984342496285327,59.88333432392298,35.0631454383358
2013.0,2901260,-6.94211366384527,68.59200120919029,34.98791344619107
2013.0,2901261,-13.44724425634825,66.76400060459521,34.91994972793223
2013.0,2901262,-19.510620943049645,57.645911206368446,35.17108172075936
2013.0,2901263,-11.035633495145667,46.321175970873774,35.064307991504855
2013.0,2901265,-13.837327283726593,55.62285299455556,35.00047495462795
2013.0,2901266,0.5115725513905655,86.32663301088209,34.966273917775126
2013.0,2901267,-23.81651663641839,49.19210042347267,35.18862730792499
2013.0,2901283,18.42979009661859,88.32101763284862,34.53266445652179
2013.0,2901285,8.173673170731762,81.79621707317084,34.742275609756106
2013.0,2901286,5.668000000000006,85.7639920281359,34.85760515826491
2013.0,2901287,12.246990612531949,89.10063365407088,34.57982234217319
2013.0,2901288,14.375123563892037,84.70261899179421,34.62071081125433
2013.0,2901289,14.594851535836122,86.31854436860054,34.664767184300345
2013.0,2901290,18.204196070877938,91.04783667180331,34.41500328582438
2013.0,2901291,16.82294418362008,87.32625873761013,34.78367904016694
2013.0,2901292,18.819673404676774,92.48673959571907,34.422058810939355
2013.0,2901293,9.917909964830171,83.27753786635478,34.761029777256724
2013.0,2901294,0.030250062956435494,94.19101687232522,34.89885440695026
2013.0,2901296,1.717902309612979,88.47571785268424,34.930012144194784
2013.0,2901297,-28.415991920152283,47.02379990494255,35.15463365969573
2013.0,2901298,-32.59360537685992,44.22979884781586,35.16884842534809
2013.0,2901299,-32.734597384399905,38.666148061653466,35.206520205511374
2013.0,2901300,-44.783612499999855,91.55814999999997,34.49601094444445
2013.0,2901301,-52.58660817879327,85.41554446029585,34.26657226343318
2013.0,2901302,-51.21111507370437,64.59006038991863,34.164493043271506
2013.0,2901303,-57.8762643784792,90.64528432281843,34.34423104823746
2013.0,2901306,-58.45910893454347,96.87936884854209,34.41446006211178
2013.0,2901307,15.359347268408552,66.35397672208997,35.73819969596197
2013.0,2901308,-15.42158702444414,79.07034460577063,34.849129503767685
2013.0,2901309,-16.13269866275902,80.70575306832637,34.920536911522284
2013.0,2901310,-17.103856301192426,74.33367423480351,34.83431187958064
2013.0,2901311,-11.302118068306998,68.13355288285109,34.893964190231365
2013.0,2901312,-0.9129930535455734,83.07295759768239,34.93821273516649
2013.0,2901313,-13.902847172472697,66.62247425631132,34.934297184850195
2013.0,2901314,-11.008764983928682,75.06950236339557,34.83363210814902
2013.0,2901315,-14.510879004245549,81.73438382863628,34.81018487263607
2013.0,2901318,-5.409459031832638,85.22745582972621,34.93966024863439
2013.0,2901319,-6.274140861027134,76.3226878776449,34.919629601586074
2013.0,2901321,-2.641513127853881,62.70147831050065,35.17794475456621
2013.0,2901322,-12.258316137376056,51.24716123006233,34.87289452507529
2013.0,2901323,0.9392887832699837,87.89024372623736,34.900028572243336
2013.0,2901324,-14.728633517495249,58.07635777666206,34.83526998493224
2013.0,2901325,0.7579291220154114,84.34458450836617,34.97647665726643
2013.0,2901326,1.506099630278255,72.49344094181774,35.16380824674055
2013.0,2901327,15.962670342401946,88.40192432777673,34.67323009708751
2013.0,2901328,11.826000000000008,80.06500000000004,34.54692307692308
2013.0,2901330,11.462722630272909,87.7220519106743,34.74246812406953
2013.0,2901331,10.071631620836609,88.7042259938644,34.786544060647216
2013.0,2901332,9.702725386157603,88.79958448296716,34.764266155720634
2013.0,2901333,13.827211609906334,88.98915727554126,34.6400800193497
2013.0,2901334,16.085362533959223,88.40723764714605,34.65406534115531
2013.0,2901335,17.873944530492533,88.9182263633457,34.61721228460801
2013.0,2901336,14.180255288818385,83.84269264982835,34.6552596339167
2013.0,2901337,17.18074382129267,65.6102157794682,35.78229705323191
2013.0,2901338,19.786980056979935,67.18222174738854,35.83471320037986
2013.0,2901339,18.760873219373135,68.09530816714148,35.760760085469975
2013.0,2901340,19.633360095012083,67.11780712589085,35.833967605700714
2013.0,2901341,-28.007352886836056,68.31629145496538,35.14681255889147
2013.0,2901342,-39.671319884726444,43.30639961575424,34.75312640249772
2013.0,2901343,-36.33390299572042,72.27608226343182,34.99762341892542
2013.0,2901344,-40.79622571692936,88.79857816836068,34.743599828862145
2013.0,2901345,-43.77975612009223,87.95544942263314,34.540132198614344
2013.0,2901346,-45.95659519408528,113.7910813308703,34.53150776802222
2013.0,2901347,-50.23459866539623,66.96523641563462,34.2049822831267
2013.0,2901348,-49.75703569728661,97.45529319371623,34.210202803426995
2013.0,2901349,-54.45262297496372,72.01049091801544,34.23042588610701
2013.0,2901350,-50.714884816753965,92.10800190385635,34.242978162779664
2013.0,2902066,-15.696142857142855,61.398469507100835,34.85672644945697
2013.0,2902067,-13.14772225433521,66.51284479769032,34.81592947976873
2013.0,2902068,-12.342685541822119,72.68449870652714,34.76894509916654
2013.0,2902069,-16.444478933791743,69.23942275723694,34.83084494124413
2013.0,2902070,-15.377752530933936,79.69453458942624,34.76337739032636
2013.0,2902071,-5.198727272727305,78.69358441558391,34.85195728715731
2013.0,2902072,-2.5290068689181626,81.51823440183188,34.91439353176877
2013.0,2902073,-1.5307242475228944,92.10302056459199,34.85382937371464
2013.0,2902074,3.060610344827577,87.34205862069054,34.910994827586215
2013.0,2902075,-1.8916068965517239,88.68931724137981,34.868818965517214
2013.0,2902076,-3.596763128491621,79.27137011173079,34.90957067039093
2013.0,2902077,-1.1874396551724296,89.6273689655171,34.87611379310344
2013.0,2902078,0.8401177685950383,87.24670041322311,34.91287090909089
2013.0,2902079,1.6867282229965215,88.26830662020859,34.91504322299652
2013.0,2902080,3.6622086206896647,83.93719999999986,34.93842758620688
2013.0,2902081,4.8099513657561666,88.01572151898746,34.82831338774145
2013.0,2902082,7.721742973051314,88.78484004636492,34.78738452622433
2013.0,2902083,8.018647160068875,88.34448709122233,34.797364888123944
2013.0,2902084,12.522362281456305,87.68911349957025,34.73505137575237
2013.0,2902085,-4.422588946459429,82.65017443868723,34.81224179620036
2013.0,2902086,12.28646477812142,87.38595420538743,34.75495585330241
2013.0,2902087,18.43650890077305,89.87146234664014,34.439169511405844
2013.0,2902088,-1.7218487487997285,79.72732287305683,34.98825688304209
2013.0,2902089,,,35.089621111646906
2013.0,2902090,-57.094254604994205,57.00113269622849,34.4249291539246
2013.0,2902091,20.72974317096436,65.3878003371539,35.770288825214905
2013.0,2902092,19.183457567967626,66.81582004746363,35.69451923763608
2013.0,2902093,17.998488167738962,66.98087709737602,35.650199312019524
2013.0,2902094,2.298492680180223,82.05713626126058,34.92559466216216
2013.0,2902095,-0.13220931537598243,83.9390117845125,34.92911914141415
2013.0,2902096,-1.8580704819276914,81.88900481927713,34.94617963855425
2013.0,2902097,-2.26814921171172,81.94615934684545,34.94158766891897
2013.0,2902098,-2.5536471935853413,83.5468648339057,34.94019714203895
2013.0,2902099,-6.13277889447244,78.29522166387524,34.919092680067024
2013.0,2902100,-7.3571327327327944,76.28356036036158,34.8838234654655
2013.0,2902101,-11.202994949494983,78.28996464646481,34.80814709595963
2013.0,2902102,-12.254163895487112,73.38541864608037,34.806029768408514
2013.0,2902103,-11.798670485175098,63.86792520215622,34.851355754716884
2013.0,2902105,-6.295611644657922,65.97837995198157,34.93116373349336
2013.0,2902106,-6.024843287995259,65.23918509757469,34.938171703134245
2013.0,2902107,-4.449972836386582,63.391461781426955,34.94094377763734
2013.0,2902108,-2.980106608478797,65.98935473815494,34.965201633416484
2013.0,2902109,-1.3230411132194884,69.50138456672974,35.010080885515514
2013.0,2902110,-2.195118130132657,74.18905306380388,34.96678688566009
2013.0,2902111,-0.6766572148708175,75.735938248268,34.9723707246377
2013.0,2902112,0.07390851735015827,77.52066056782388,34.97879312933755
2013.0,2902113,18.111431362286634,89.5680661024492,34.26188641425395
2013.0,2902114,14.582457555442078,89.7614126595018,34.439161095189405
2014.0,2901260,-7.414538270068503,68.80415183571836,34.94951079029246
2014.0,2901261,-11.562455168119524,66.72100747198006,34.868294813200514
2014.0,2901262,-17.602803360298715,55.416954573739616,35.02214140634723
2014.0,2901263,-6.804233415233398,39.59025307125326,35.0974346928747
2014.0,2901265,-13.74672157622728,52.709663436692736,35.019573959948346
2014.0,2901266,0.6602134502923996,92.64911228070156,34.876812216374276
2014.0,2901267,-29.304455790784694,39.57487546699822,35.26276379202992
2014.0,2901283,18.024009289980107,91.30580291970732,34.4376917717319
2014.0,2901286,5.560311663991325,85.672115569822,34.80981219903702
2014.0,2901287,13.25329197860956,89.48527593582952,34.63641818181815
2014.0,2901288,12.56590286975714,84.47078035320129,34.681238040838835
2014.0,2901293,9.847817496229247,84.35730065359554,34.74198642533939
2014.0,2901297,-30.75573457076544,36.195663109049185,35.11789366589326
2014.0,2901298,-37.799942425672604,18.186385559226146,34.854323440302
2014.0,2901299,-36.523975527830835,35.73462715930896,35.19415104606522
2014.0,2901300,-50.458725499525116,125.3901779257841,34.33897714081834
2014.0,2901301,-54.477239462714486,94.94703705419309,34.3138535757295
2014.0,2901302,-50.656986078886085,65.27243805104438,34.1763907424593
2014.0,2901303,-58.97374095238148,100.10070190476178,34.43004090476188
2014.0,2901306,-54.09513138347207,98.28055060352894,34.29255333333334
2014.0,2901307,14.157196857670758,66.16717282809607,35.690989075785566
2014.0,2901308,-13.908737051039337,80.56697107750408,34.75926700378075
2014.0,2901309,-16.76452381675336,84.35134044533406,34.862958414595816
2014.0,2901310,-17.265351561375613,72.12273837962206,34.840648386818366
2014.0,2901311,-7.519022779479379,58.46234800918864,35.01252729326178
2014.0,2901312,-0.916359922179005,90.1605852788601,34.89222665369647
2014.0,2901313,-14.203996236356403,66.1311392547962,34.915030254045945
2014.0,2901314,-10.033797866301699,73.68107527226911,34.84775753683423
2014.0,2901315,-13.927506447392613,80.24049803775146,34.77087393197537
2014.0,2901318,-5.921410633484309,81.89759577677297,34.89250967383112
2014.0,2901319,-6.183700832072648,78.27088388804738,34.86760176815447
2014.0,2901321,-3.51212414318357,58.92884215536978,35.1630588347296
2014.0,2901322,-12.838516550522645,45.419673780489006,34.902073170731654
2014.0,2901323,0.9651591898542365,93.36722676509561,34.81954799735001
2014.0,2901324,-15.812841558441454,57.75515569985567,34.809213380952464
2014.0,2901325,1.4251466410748865,72.52755815739292,35.136301879078665
2014.0,2901326,1.360629812251059,82.09244604589341,34.98480231177695
2014.0,2901327,16.363162310507324,88.23298052796588,34.2828518426555
2014.0,2901331,9.904139104163896,88.52279521870493,34.60303321949298
2014.0,2901332,10.73111435586,82.97620868329129,34.64410727484174
2014.0,2901333,13.346464125906442,89.0535730597127,34.42475355654988
2014.0,2901334,18.137923371647513,89.92766666666697,34.056431417624516
2014.0,2901335,15.332661278988029,89.91776950105384,34.29401430077301
2014.0,2901336,10.080825175735503,81.66576920072771,34.65206913564174
2014.0,2901337,17.044343663274713,64.21452173913086,35.794524051803855
2014.0,2901338,19.502467868701046,67.44732269995461,35.84853490522421
2014.0,2901339,17.759079944547196,66.42987338262473,35.78373341035109
2014.0,2901340,18.122519204072443,65.34015455807565,35.79456947246651
2014.0,2901341,-27.891224441274534,71.4644474560145,35.1633563100333
2014.0,2901342,-40.37240776699035,64.74931807674461,34.88537745723538
2014.0,2901343,-33.799859851988586,71.89853746530972,35.04123514801109
2014.0,2901344,-39.87023347598733,95.39704992867203,34.73802212077981
2014.0,2901345,-45.23323437500031,107.7774985351561,34.5725646679688
2014.0,2901346,-49.937376247031075,140.15677482185296,34.391591705463185
2014.0,2901347,-47.60062247191004,65.74668764044966,34.026836044943835
2014.0,2901348,-50.86576549491146,134.74551156336588,34.28937046253467
2014.0,2901349,-50.93798870360447,77.16113394297956,34.21367966110812
2014.0,2901350,-49.797311638954724,115.95806555819456,34.223045767220945
2014.0,2902067,-14.31197675721093,64.5717843741256,34.81722542705117
2014.0,2902068,-13.477381074900327,67.59628816466429,34.76647169811331
2014.0,2902069,-18.049379059350475,71.73309658454748,34.849018756998824
2014.0,2902070,-16.30591286785934,79.20084622042707,34.80260386612816
2014.0,2902071,-6.296077354260005,83.67193581838478,34.81676317264569
2014.0,2902072,-2.2930451882844927,80.52827949790802,34.93471548117154
2014.0,2902073,0.45135329229623333,93.75747565752202,34.83171255549345
2014.0,2902076,-3.6800709342560745,81.3102543252597,34.84197750865051
2014.0,2902081,5.628536121673009,89.52745247148228,34.78104003802283
2014.0,2902082,9.00581755593801,89.67403786574853,34.73865060240963
2014.0,2902084,13.860252577319663,87.82165635738835,34.688332233676974
2014.0,2902086,13.359618534459718,86.3617331498706,34.73873405318935
2014.0,2902087,17.008290964263324,90.17268212788068,34.505445444544456
2014.0,2902088,-1.9215968698305688,88.33775971773606,34.918611061441595
2014.0,2902092,19.341406847496206,65.4106798686472,35.69773399229527
2014.0,2902093,18.094343693998937,67.06290759920176,35.67005534221824
2014.0,2902094,2.890394946443331,78.80830458665179,34.93275527876948
2014.0,2902095,0.16578473741795047,92.57870377461744,34.82855083698029
2014.0,2902096,-1.529695517338573,91.37889596842197,34.819645356639406
2014.0,2902097,-1.7433736975499694,88.27092931568613,34.87598927907632
2014.0,2902098,-2.06217653631288,84.5105491620107,34.90582871508381
2014.0,2902099,-7.501759631490739,77.22547319933064,34.79504010887772
2014.0,2902100,-9.118726977247896,70.03034588299099,34.777005861321875
2014.0,2902101,-10.45711470911095,74.67659302963743,34.7445853457739
2014.0,2902102,-12.943653856636546,70.05754401744275,34.75237473153461
2014.0,2902103,-8.993744633398489,63.55221968218463,34.84492479230545
2014.0,2902105,-5.405217072228585,68.0078184627276,34.89542938586329
2014.0,2902106,-5.8926212587414435,66.34131972027916,34.88162911048951
2014.0,2902107,-4.859283101283131,65.86576385476314,34.90491361452364
2014.0,2902108,-2.839656716417946,71.2084366350071,34.923463345997384
2014.0,2902109,-1.388065578231297,66.4751632653042,35.00628184489798
2014.0,2902110,-1.5322727272727465,84.2389774787143,34.912631510573924
2014.0,2902111,-0.860735802469133,78.95036735253872,34.945193358024696
2014.0,2902112,-0.4674387384873002,84.00483142617803,34.91898420039081
2014.0,2902114,14.773692132588824,89.19689546660094,34.69178002663388
2014.0,2902115,-41.22009037551845,38.43127646055339,34.73771423181078
2014.0,2902118,15.402041878457558,70.98604656469489,35.51913366113445
2014.0,2902119,12.403620140193766,70.01697001267587,35.3221794451901
2014.0,2902120,14.638453695760713,67.77698753699282,35.54220973566094
2014.0,2902121,14.679106374147294,64.57645900393291,35.45345959070412
2014.0,2902122,14.267178711938215,67.06580851315843,35.44619924164074
2014.0,2902123,14.264927624587363,67.58245148597348,35.544409405940655
2014.0,2902124,11.946341951636565,67.65234944105181,35.442554469956015
2014.0,2902125,12.158408671956026,66.31868415430543,35.36328182131771
2014.0,2902127,9.807995196028417,65.53344149549639,35.30015732028601
2014.0,2902128,10.857394142887065,68.50468169858271,35.28401229508195
2014.0,2902130,-49.79731588669814,22.23083221808302,34.358649470398674
2014.0,2902131,-44.370067684899944,23.0817974343685,34.42225636849673
2014.0,2902132,20.922847708894523,64.82045552560717,35.669427515723406
2014.0,2902133,20.885412961211006,65.20296026490111,35.68069173131505
2014.0,2902134,3.8632671673819763,78.02966416309022,35.01421030042918
2014.0,2902135,2.698555793991393,76.87095278969944,35.04220171673809
2014.0,2902136,-0.7255431834403989,72.09339471805941,34.97389497501788
2014.0,2902137,0.36496330275229344,70.9275424311921,35.08998268348624
2014.0,2902138,-0.7619659722222173,67.93341319444434,34.99748840277779
2014.0,2902139,-2.095100998890141,67.33421087680362,34.9470205216426
2014.0,2902140,-3.0907019294743634,64.14864404524289,34.95071257485027
2014.0,2902141,-3.8047514384350354,60.8436317606438,35.01658600690447
2014.0,2902142,-4.026792473848882,64.67632390656641,34.9098425183701
2014.0,2902143,-4.697904040404016,79.6070043290039,34.871814805194845
2014.0,2902146,-3.496709589614752,78.73720367910987,34.898392491026485
2014.0,2902147,-3.87124754901961,79.5834203431372,34.95656172794116
2014.0,2902148,-3.034682986536111,80.92772460220326,34.9474099388005
2014.0,2902149,-2.5556765067650598,81.39098154981511,34.92035075030749
2014.0,2902150,0.47540764790764806,83.04136219336185,34.94710569264067
2014.0,2902151,0.07900493218249123,84.62055117139347,34.95401030826139
2014.0,2902152,1.2796061728395034,81.91829135802439,35.01991207407409
2014.0,2902153,2.692699136868088,79.83236128236791,35.01488491985203
2014.0,2902154,9.23907906976724,85.5856632558142,34.870070334883806
2014.0,2902156,3.7243656792645785,89.56905617977583,34.99151105209395
2014.0,2902157,8.244328367473594,88.96450155183089,34.87320258845443
2014.0,2902158,12.133902522154246,88.79447784594538,34.83688268575311
2014.0,2902159,13.987254635352484,89.53430593325139,34.78067285537705
2014.0,2902160,15.311076138681237,89.46544391570335,34.72865781781114
2014.0,2902161,18.001804757998734,89.53283675143511,34.64988429860542
2015.0,2901260,-7.084383250532231,71.5703257629525,34.89988992193046
2015.0,2901261,-13.79720188816268,65.5718278867114,34.97179766884533
2015.0,2901262,-20.84043881856529,50.711054852320835,35.07136566807314
2015.0,2901266,0.8178216180371329,85.46191180371362,34.95610322281168
2015.0,2901267,-41.40500249791822,12.428604496253067,34.60094763530383
2015.0,2901285,6.974,79.873,57.55904
2015.0,2901297,-37.102404602109544,34.033655800574685,35.18719447267496
2015.0,2901298,-38.4530228933273,16.400205065757472,34.88646592303944
2015.0,2901299,-39.49730426540314,44.094599526066624,35.02501378199047
2015.0,2901300,-51.87190538033383,153.50549257884853,34.33890440630796
2015.0,2901301,-51.54033507853439,119.1203526891958,34.2243726939552
2015.0,2901302,-47.35890502237697,70.05489756340052,34.174186076578806
2015.0,2901303,-59.02201017105907,115.78726121128065,34.42617179842803
2015.0,2901306,-52.93036119256999,120.80532209188786,34.235062502443846
2015.0,2901307,14.05729881235171,67.88906080760081,35.69209996199529
2015.0,2901308,-14.245152680432025,81.64321064595379,34.8317169615457
2015.0,2901310,-18.284094736842267,62.652880701754626,34.86718922807013
2015.0,2901311,-6.804412312369311,56.70510830324944,35.0443113015391
2015.0,2901313,-14.358247983492824,74.8755032826875,34.90176080097545
2015.0,2901314,-9.544776557470094,73.6646462791142,34.90926573376255
2015.0,2901315,-14.259537207122525,80.73973420806085,34.84419469165897
2015.0,2901318,-6.143638574660486,82.09769061086239,34.85229650263939
2015.0,2901319,-7.2171097515059595,79.19267018072263,34.86111942018073
2015.0,2901321,-2.806340546697027,58.80890129080963,35.16105464312824
2015.0,2901323,0.36498852343899885,94.71260026320914,34.82254373528292
2015.0,2901324,-16.324966695880793,53.3098282208593,34.80451263803682
2015.0,2901325,-0.75472308567096,68.30959647460426,35.156896656557905
2015.0,2901326,1.528821718236103,91.88275512555056,34.806333116682765
2015.0,2901337,16.939738841405298,66.26446011396084,35.81357929724604
2015.0,2901338,20.08675427756659,65.65706321292825,35.89524991444865
2015.0,2901339,17.46680038022829,65.23495532319474,35.8069561501901
2015.0,2901340,16.903550071191475,66.26005980066509,35.78651680588503
2015.0,2901341,-27.99473929590884,70.29336060894445,35.13172487630826
2015.0,2901342,-38.218905238095445,64.65074428571404,35.08958162380954
2015.0,2901343,-35.01337375178295,70.26007132667561,35.03935674750352
2015.0,2901344,-38.910468793342474,93.23294683310085,34.76858661581138
2015.0,2901345,-48.68334044526854,143.95520222634437,34.541157523191195
2015.0,2901346,-52.97272655889237,87.24573764434116,34.2915626374134
2015.0,2901348,-55.901829128985504,165.58523845787832,34.247846435030944
2015.0,2901349,-52.883892007611905,98.04809181731585,34.27730774500476
2015.0,2901350,-54.207292919944194,138.34192364646208,34.2137151920408
2015.0,2902067,-14.149575573841538,67.37606626245048,34.81699436985714
2015.0,2902068,-14.055878544423653,59.03780954631301,34.86345179584124
2015.0,2902069,-18.16862760942759,78.82767979797934,34.847274074074036
2015.0,2902070,-17.023089360334062,80.50204725168635,34.827553841208655
2015.0,2902071,-5.842113564668758,86.37956511942565,34.79853988283013
2015.0,2902072,-1.792177586206923,81.02834942528595,34.91791609195404
2015.0,2902073,0.24650410447761137,85.31088395522127,34.95973080410431
2015.0,2902086,14.090753593656022,83.86036896618542,34.76231817275092
2015.0,2902087,16.2924112849444,91.220014956565,34.564608126996674
2015.0,2902088,-2.8974835163425228,94.03380860885945,34.84330444692059
2015.0,2902092,19.30055980333263,63.0436865065633,35.759322050243114
2015.0,2902093,18.27949397013844,66.54058959999928,35.70716645833332
2015.0,2902094,2.333918680693769,76.3559974410014,34.93985388683538
2015.0,2902095,-0.4029152055188249,85.62083989652172,34.88628197757977
2015.0,2902096,-1.4735347127688572,94.31256221072499,34.79077375442416
2015.0,2902097,-3.0793801855895575,93.511003548035,34.796823198689964
2015.0,2902098,-0.32163577058981363,84.34801304702253,34.887068379994595
2015.0,2902099,-11.144125779344437,71.91347140146443,34.79051033342373
2015.0,2902100,-7.105804828973735,61.74220235699839,34.87106438631786
2015.0,2902101,-11.016295536457045,67.00687551982239,34.81059273634578
2015.0,2902102,-11.040164709172217,64.73225139820997,34.836398073266224
2015.0,2902103,-4.9898044889129745,64.04414007571657,34.91582558139536
2015.0,2902106,-5.14744489574884,68.23383076089988,34.88205740590306
2015.0,2902107,-6.629453129425155,69.54220560747666,34.83454828660435
2015.0,2902108,-3.360518559866092,69.33199581356283,34.936880921015906
2015.0,2902109,0.00247080291970726,57.94217349803548,35.060750982594
2015.0,2902110,-0.023163088932251472,88.31929885698227,34.84481223306387
2015.0,2902111,0.5291415755536681,84.2366055508827,34.88983149425293
2015.0,2902112,-0.2423070908600495,87.94028174710154,34.863827306551734
2015.0,2902114,14.334613743476986,91.21432187872207,34.63249160534439
2015.0,2902115,-44.30366821194792,76.29607060825462,34.493253099821416
2015.0,2902118,15.265985154802832,71.63525913404864,35.46344760900406
2015.0,2902119,11.297747228126838,70.60387384863058,35.27263092753618
2015.0,2902120,13.881984416962283,66.4520138175009,35.53336735908558
2015.0,2902121,14.965698836889729,64.29882940824993,35.49875647226179
2015.0,2902122,14.892046902000647,65.3842641398444,35.49796839663676
2015.0,2902123,13.15942316676503,65.32304654829773,35.51159197324408
2015.0,2902124,12.39325505136745,68.9546196760908,35.42782018060469
2015.0,2902125,13.019422545268776,65.89658504478143,35.425796144859795
2015.0,2902127,9.876617692811074,64.77838657309805,35.327081434316334
2015.0,2902128,10.738919003388755,67.28259258231208,35.297881804949036
2015.0,2902130,-52.34546750941116,46.886780105343036,34.39861231226476
2015.0,2902131,-41.45517497447436,27.682690617841647,34.70703204987241
2015.0,2902132,21.043519510774395,63.8163549796163,35.69956610366911
2015.0,2902133,20.296687736673643,66.77462015729537,35.70844130498084
2015.0,2902134,6.794828151986218,78.74966234887665,34.928625215889504
2015.0,2902135,2.6190914285714384,75.19627809523799,35.043975238095236
2015.0,2902136,1.4816918542336304,82.16683092175832,34.87322014469456
2015.0,2902137,1.0791072584373473,79.73228941285247,34.97250495607949
2015.0,2902138,0.21505874499331964,71.67120934579354,34.9508478985314
2015.0,2902140,-4.536676958928029,61.45801252548766,34.944865117972604
2015.0,2902141,-4.4417260076775085,59.74969721689067,35.02910279750477
2015.0,2902142,-3.8119548397720546,56.465882016136234,34.954503057250854
2015.0,2902143,-5.131795025963373,78.89593850779016,34.826840587592265
2015.0,2902146,-1.8733295400019463,76.65941973599884,34.91173151034281
2015.0,2902147,-3.217399907535806,66.46994729542278,35.032761571890944
2015.0,2902148,-3.1820347061545435,81.64362702452563,34.91076702452566
2015.0,2902149,-3.669050369685784,84.26791728280857,34.83353098428844
2015.0,2902150,1.3251194863204905,79.34334142936832,34.927766150195346
2015.0,2902151,0.913125714285714,71.49368000000113,35.044818480952394
2015.0,2902152,1.5892268188302199,79.51030147408443,34.97071229671899
2015.0,2902153,5.202330261881668,73.84552085354098,35.06562303588753
2015.0,2902154,11.099053558627778,84.84138709677508,34.839458716845826
2015.0,2902156,3.6703242226403154,88.20755018258076,34.922155582604816
2015.0,2902157,7.722141206423803,88.84871249510131,34.81323308215816
2015.0,2902158,12.173543167401577,87.55940592409388,34.807726553596304
2015.0,2902159,14.630238144453491,91.19454870122354,34.69984731059874
2015.0,2902160,14.02816898186013,89.36726006428415,34.708025939423614
2015.0,2902161,16.61603885106407,91.77660128263098,34.2230655670824
2015.0,2902162,-21.53145534407045,72.64723133235721,35.05196372864806
2015.0,2902163,-24.351254030288153,73.91020273571111,35.10142791402048
2015.0,2902164,-53.24246961676927,41.72585824687684,34.2948065975015
2015.0,2902165,-26.59940518084113,66.98597751710663,35.138497717497486
2015.0,2902166,-32.21267382812552,66.96757861328163,35.07091143554694
2015.0,2902167,-65.52777634205925,66.40311218724922,34.51276802699223
2015.0,2902168,-38.35606234288625,71.60294821518302,34.98460158371038
2015.0,2902169,-36.958558291458125,67.18361859296402,35.02045535678389
2015.0,2902171,-58.01216311625176,61.425357577602135,34.467325663420596
2015.0,2902172,-56.43084981874623,59.00542413257376,34.31731933195245
2015.0,2902173,-52.645620279358326,57.560980341437634,34.27421950336268
2015.0,2902174,14.277403982792952,70.30864937890034,35.81588807192243
2015.0,2902175,15.39576716350511,65.68541735331927,36.041023850371964
2015.0,2902177,-54.3119805121228,23.97480330840663,34.4447916338093
2015.0,2902178,-39.996879207344534,15.410547865365437,34.91234312399833
2015.0,2902179,-0.646958633657169,77.14622187401991,35.058348013161925
2015.0,2902180,-3.366252919396145,77.85737852463498,34.948450880091286
2015.0,2902181,0.07000278121136964,67.30206056860405,35.140547846106315
2015.0,2902182,0.5064718037021103,80.81866939302427,35.0349160051658
2015.0,2902183,-4.160535453373387,80.17087666523291,34.86347311559956
2015.0,2902184,-11.04477858880785,79.18203892943988,34.76355493917274
2015.0,2902185,-13.489253041362565,71.81737712895446,34.85702781021899
2015.0,2902186,-12.28967847699633,70.94618138551152,34.88967190375462
2015.0,2902187,-6.9528666338583704,65.04295620078831,34.9897508415355
2015.0,2902188,5.090300286532921,69.84845042980122,35.23851574212037
2016.0,2901266,0.47314285714285687,73.05299999999998,35.187422857142856
2016.0,2901267,-41.25688425925914,12.780018518518514,34.7108240740741
2016.0,2901297,-34.38387447892488,41.76493144974485,35.15206446966183
2016.0,2901298,-41.936047867298626,29.184651184834173,34.70655603317537
2016.0,2901299,-39.921690086621,63.230640038499054,35.02219019249283
2016.0,2901300,-57.71232300242055,-131.32458547215447,34.23784798547213
2016.0,2901301,-52.11885303662505,147.69693602225226,34.29200944830773
2016.0,2901302,-48.173255944055896,91.10541771561849,34.30659529603731
2016.0,2901303,-60.680259153590576,136.8752800760813,34.39270356633376
2016.0,2901306,-54.97490337494219,133.63209200184897,34.218924073046686
2016.0,2901307,13.015594444444474,69.47828379629638,35.60390907870364
2016.0,2901308,-14.06496267789561,83.79631580324322,34.80242103058639
2016.0,2901311,-7.239251430751472,58.19848035101289,35.037445448302265
2016.0,2901313,-14.079341539591992,75.47781793128769,34.903024512217534
2016.0,2901314,-8.202418146341346,76.65435102439002,34.83640211512192
2016.0,2901315,-14.437872508461833,79.17914591951785,34.877976872884524
2016.0,2901318,-6.717011082379081,84.6164813446625,34.856963642408566
2016.0,2901319,-8.640248897058962,80.04593437499874,34.79238874816182
2016.0,2901321,-5.621482179796443,60.11210913773323,35.05948873659578
2016.0,2901323,-1.1636975842820039,96.13516813957187,34.66997146355573
2016.0,2901325,-0.6924951855137328,68.54287179124482,35.1443681840987
2016.0,2901326,1.8898246710845825,94.332062973798,34.69809301274631
2016.0,2901337,17.827006925207616,67.28639104339729,35.87243813481076
2016.0,2901338,19.76163476652793,60.64589644012872,35.83542071197411
2016.0,2901339,17.372227104532882,66.8429518963927,35.845020804810346
2016.0,2901340,16.449261794634737,67.0365430157264,35.806227719704005
2016.0,2901341,-24.135425106990077,67.19848359486365,35.10593445078458
2016.0,2901342,-35.79378190255254,49.2837763341076,35.11563122969846
2016.0,2901343,-38.67211367837388,64.84640388170143,35.05234244916817
2016.0,2901344,-37.685039297272496,92.39749791955595,34.82744114193244
2016.0,2901345,-44.070427142856964,149.55142142857235,34.85482270476192
2016.0,2901346,-52.36370294676941,-163.25005941064916,34.31318849334601
2016.0,2901347,-47.966,70.244,33.77367210526315
2016.0,2901348,-58.646765711645145,-4.310086414047931,34.233839547135
2016.0,2901349,-53.01224699352498,112.20323543015704,34.31501996762254
2016.0,2901350,-56.63338965353698,164.00056003797079,34.29740162316093
2016.0,2902073,1.7825074321151033,71.90789531579405,35.104388920547976
2016.0,2902086,16.633965816941963,83.79049938499836,34.63144925255703
2016.0,2902087,14.32620399041926,82.73284838178667,34.64363351298374
2016.0,2902088,-2.288373845017618,93.79303746586423,34.833541022055904
2016.0,2902092,18.746764754410396,65.52344800684699,35.77720118774752
2016.0,2902093,18.111882581291916,66.5824583229465,35.74699290932533
2016.0,2902094,2.332313089005243,82.5298774869115,34.91031518324602
2016.0,2902095,-1.0416661685594646,77.89121309025732,34.94197848176925
2016.0,2902096,-2.023153066812715,94.09459857612273,34.75632803943047
2016.0,2902097,-4.25214485068375,95.34137566285123,34.75267516885287
2016.0,2902098,-0.3650513214505219,78.97455162876429,34.934765888137626
2016.0,2902099,-10.494179323724989,66.90261890244055,34.814672347560986
2016.0,2902100,-7.470739552677893,65.87707622130897,34.87733990582698
2016.0,2902101,-9.347780525986355,68.97662429555383,34.81880338133992
2016.0,2902102,-13.451133604336245,62.81872005420048,34.833823186991864
2016.0,2902103,-5.143828828828821,65.477620720721,34.870803603603626
2016.0,2902106,-2.206309020044493,72.31022744988964,34.92853173719381
2016.0,2902107,-5.041417138237643,67.44580140123924,34.87977041228779
2016.0,2902108,-2.0803805668016047,63.81945850202466,34.923557732793526
2016.0,2902109,0.6192304057809933,50.33833629794422,35.082070316842724
2016.0,2902110,0.7780732211396676,92.00302568644763,34.80497855329197
2016.0,2902111,1.2914735658042835,87.58806692913393,34.85304173228344
2016.0,2902112,0.44617589670013746,87.03513572453308,34.879872674318435
2016.0,2902114,14.801079705468485,89.7073890058288,34.62995753920386
2016.0,2902115,-41.77668892754227,95.90969327769729,34.675793683893076
2016.0,2902118,15.388964504933625,70.42679067146355,35.53715810827242
2016.0,2902119,12.38778077461431,71.81050615183894,35.30119792526696
2016.0,2902120,14.399828591948566,60.031181649470085,35.55552914019825
2016.0,2902121,14.913979608386871,63.03412751070165,35.47961179217732
2016.0,2902122,14.640198292923428,67.30482918193867,35.483287003101246
2016.0,2902123,12.746890153628467,61.05034709689353,35.491182534869594
2016.0,2902124,12.090912126483229,69.02553472896386,35.42361003236246
2016.0,2902125,13.319746641127178,65.72022266363871,35.453016458569834
2016.0,2902127,10.342637193802398,63.25387646514951,35.33717887563881
2016.0,2902128,10.531370068792205,65.43258222079953,35.32558013094226
2016.0,2902130,-55.544862661905185,59.58021988651978,34.4033913441596
2016.0,2902131,-41.9412525917547,37.29973652187039,34.62509122171953
2016.0,2902132,21.295212951807756,65.51325240963696,35.73652259036141
2016.0,2902133,19.6630507507504,66.19163243243199,35.70294796696697
2016.0,2902136,2.5500164835164885,86.8201662087908,34.88384522664824
2016.0,2902137,-0.2838859315589325,79.72935266159686,34.98708833174906
2016.0,2902138,-1.118968394886368,79.73579509943274,34.92498719105113
2016.0,2902140,-7.918527655242583,56.31668510349582,34.89431396674576
2016.0,2902141,-7.422123595505599,62.323801966291974,34.952685903558056
2016.0,2902142,-6.650588869337941,42.373901076278706,34.9622575080907
2016.0,2902143,-5.004441585535469,77.031326147427,34.814243150208654
2016.0,2902146,-0.8627192733294358,81.45427440142115,34.92499823787255
2016.0,2902147,-4.008004304160673,63.250961262553446,34.996872080344296
2016.0,2902148,-3.2323144893111855,78.49552399049938,34.9414411258908
2016.0,2902149,-4.119495007132673,85.39258535425466,34.88390689966714
2016.0,2902150,0.5954433993953698,75.51911555257028,34.96525129660727
2016.0,2902151,0.4935728155339831,66.42009616273621,35.09616045769761
2016.0,2902152,0.771293518518518,75.05857453703786,35.026263916666586
2016.0,2902153,7.303462721341996,75.05238583410973,34.99147616961783
2016.0,2902154,11.691542842253138,82.4173662399283,34.81334125453825
2016.0,2902156,4.568808370294431,80.80247071533717,35.011649137950606
2016.0,2902157,7.20462249540286,89.20426173652416,34.82497639289519
2016.0,2902158,12.288364535766389,90.02015046733707,34.666121199644905
2016.0,2902159,14.214346960409985,92.31573619311654,34.6234711262966
2016.0,2902160,13.25514863953228,90.10618394423072,34.65414255734229
2016.0,2902161,12.327158296038553,91.21877053981116,34.64654201226571
2016.0,2902162,-20.887785945446186,67.694585298198,35.0293452981969
2016.0,2902163,-28.099173479087263,69.38868060836485,35.14582589353612
2016.0,2902164,-54.07387097718203,50.46502964696767,34.271811529159386
2016.0,2902165,-23.125275403608534,64.82722697056063,35.05891909306748
2016.0,2902166,-30.894724334600813,60.3280655893531,35.147969405893555
2016.0,2902167,-64.81810760971145,63.503708621308284,34.51743225664607
2016.0,2902168,-33.71885000000001,77.66825601851922,35.02358273148142
2016.0,2902169,-34.09213987957403,65.59398517832284,35.08108693376565
2016.0,2902171,-60.56437379517986,65.85451385542346,34.47849002710848
2016.0,2902172,-56.1588685185185,79.5224217592592,34.354118685185234
2016.0,2902173,-53.60037095282106,66.52555365402422,34.26899299259953
2016.0,2902174,15.87575821995521,71.89988066893224,35.61601652494332
2016.0,2902175,14.938815083251392,63.5581868756131,35.96031183937326
2016.0,2902178,-39.171808846240054,11.937497021839816,34.87896135009932
2016.0,2902179,-0.3913313936572753,70.65619828338771,35.116597452720455
2016.0,2902180,-2.7422623211446657,76.4268304186538,34.978086730259655
2016.0,2902181,-0.3610014056224976,69.36584568273071,35.12232865261033
2016.0,2902182,0.24075077090513522,78.460960910574,35.0402496589878
2016.0,2902183,-4.255087583767604,80.00996416604882,34.94528954765456
2016.0,2902184,-11.02691119333949,78.32531868640187,34.73732056891759
2016.0,2902185,-11.441510638297862,67.97517391304312,34.861356091581854
2016.0,2902186,-11.052346360074615,67.20599876263215,34.86922778201709
2016.0,2902187,-6.867473527218267,63.92752600671346,34.96735577554064
2016.0,2902188,3.937535425927624,69.77219323233231,35.15139110405516
2016.0,2902189,17.10187796638021,89.66504942127239,34.8388170235246
2016.0,2902190,13.33181246891679,85.28081488643875,34.86070417721163
2016.0,2902191,13.2079193493734,83.77026092849549,34.871695906472326
2016.0,2902192,13.30385518676901,86.36016254141921,34.86161911798017
2016.0,2902193,14.51879606596837,82.88380798992807,34.855173711385696
2016.0,2902194,14.888546092291083,82.45579050898327,34.860963988095364
2016.0,2902195,15.074501531382284,85.7310328420457,34.846552073046325
2016.0,2902196,15.188009485542938,85.31285374183638,34.84560131003788
2016.0,2902197,18.224846348377262,86.65345851601388,34.86531177808414
2016.0,2902198,13.02068749999998,68.4278974056607,35.632831043632144
2016.0,2902199,14.484586255294015,66.86884295162231,35.49277635805688
2016.0,2902200,14.484683920704851,63.49325881057383,35.56444333149773
2016.0,2902201,17.095266211604223,66.61550113765709,35.809325750853205
2016.0,2902202,18.368416326532202,66.85424790940952,35.634916437033404
2016.0,2902203,17.666190205011407,65.05921526195992,35.86060421412301
2016.0,2902204,19.789917756778703,66.88223034070982,35.67626701715987
2016.0,2902205,20.825498125466705,65.70592439390116,35.71285901149714
2016.0,2902206,19.61463202933982,66.6615207823953,35.902907897310506
2016.0,2902209,10.791743044189907,68.29875777414081,35.62914416530261
2016.0,2902210,16.479263911620063,67.2109304418968,36.01163268003272
2016.0,2902211,16.17770018198325,64.14241992720737,35.97642845313931
2016.0,2902212,-3.898646258503419,80.33579251700681,34.95598986394556
2016.0,2902213,-7.8859999999999655,79.8998000000002,34.86295955932204
2016.0,2902214,-12.11899999999997,80.33600000000008,34.821778771186445
2016.0,2902215,0.16840544217687053,79.0210326530611,35.116880707483
2016.0,2902216,0.2779059945504124,84.50271117166102,35.114046062670305
2016.0,2902217,18.29147227926088,89.61103696098625,34.65884542094465
2017.0,2901297,-38.76920902612818,52.52108646080696,35.042895330166274
2017.0,2901298,-40.04845928338734,40.271878393050834,35.02400913680774
2017.0,2901299,-42.720532188841275,63.605862660943906,35.035004635193125
2017.0,2901300,-55.97008108108043,-160.88754054053987,34.219576808914105
2017.0,2901301,-51.303726978998675,15.367150242326304,34.428626074313456
2017.0,2901302,-48.53331003328557,113.80670993818339,34.30503792677131
2017.0,2901303,-58.87939695009322,145.8189232902038,34.38371567467654
2017.0,2901306,-56.08961339491922,155.6878115473433,34.27190529792152
2017.0,2901307,11.360139637163176,71.40971687740542,35.45854243540404
2017.0,2901308,-14.231751814223392,82.2152712005013,34.91119437694382
2017.0,2901311,-7.954910364683449,53.74034817658395,35.06647898848361
2017.0,2901313,-12.433968174846598,66.6474022239271,34.94452276840498
2017.0,2901314,-12.792833619866776,73.20922827125025,34.880361587392514
2017.0,2901315,-14.212483377408383,77.67371647148063,34.91153513789208
2017.0,2901318,-7.3336859085229955,84.31662654922869,34.88674428761405
2017.0,2901319,-9.553587805346995,63.98862512021579,34.99095722061936
2017.0,2901321,-7.751146765682876,58.73160875512868,35.02549186437366
2017.0,2901323,-2.827343582887688,98.22335313216377,34.69064788006111
2017.0,2901325,1.250387195121948,78.38179516006201,35.10087323932924
2017.0,2901326,4.94342423660448,92.76702707893124,34.68548023814093
2017.0,2901337,18.54381680113918,67.58903179876596,35.84933554817281
2017.0,2901338,18.14164339981001,62.45439553656235,35.85732431149094
2017.0,2901339,15.785302612826762,67.28533159144871,35.75380394774348
2017.0,2901340,16.9696078897339,68.12103517110236,35.77215696768067
2017.0,2901341,-23.944811748380943,69.36862072155522,35.117482950971215
2017.0,2901342,-31.902465702286445,37.507775081660974,35.145318077461546
2017.0,2901343,-37.73099238457866,66.39211661113731,35.03740087101378
2017.0,2901344,-37.5064733840304,88.11901378326908,34.85540180133074
2017.0,2901345,-42.3932585568917,141.03230943570605,34.76260476873272
2017.0,2901346,-49.56389325323481,-163.80878604436035,34.4020674121996
2017.0,2901347,-47.884692307692326,74.92053021978049,34.089756016483506
2017.0,2901348,-56.38943821292757,-157.38749572243444,34.236404966729935
2017.0,2901349,-56.628884505703006,115.83011074144466,34.34429915874518
2017.0,2901350,-54.890753931544694,155.54719518963955,34.28937422294174
2017.0,2902073,4.431519111596752,75.32001405575136,35.0346292563903
2017.0,2902088,-3.2157897568952314,88.08252751230629,34.93665899858382
2017.0,2902093,17.370432279314656,68.93040131856425,35.61737154150195
2017.0,2902097,-4.805703853955334,96.39799391480688,34.77458180527385
2017.0,2902099,-12.38868666666671,67.89116666666636,34.82471006666666
2017.0,2902102,-13.971303030303021,61.09127272727275,35.14280121212122
2017.0,2902107,-4.067999999999997,69.38900000000007,34.91317821782178
2017.0,2902109,1.844999999999999,49.25,35.146960396039596
2017.0,2902114,14.621732197422268,88.0461219757471,34.66045168662153
2017.0,2902115,-41.24522409535031,91.78524007679948,34.6987465489726
2017.0,2902118,13.603105265599106,66.43741990023547,35.551069763763735
2017.0,2902119,11.763038333333329,71.81862166666674,35.27216022727273
2017.0,2902120,15.254885172504242,59.088688360227486,35.59032891578125
2017.0,2902121,15.073834561978002,60.28675501898161,35.500097380410004
2017.0,2902122,14.878802688202367,64.51898042556033,35.501725280898825
2017.0,2902123,13.147732147176953,59.52635529119812,35.56964444882655
2017.0,2902124,12.32710557812909,64.77213138951787,35.52731602708801
2017.0,2902125,13.347441237580329,66.73215561075493,35.46734599649332
2017.0,2902127,10.580829507507973,63.4470066375154,35.38740529531573
2017.0,2902128,10.536388345856572,66.6367989975346,35.349373831775615
2017.0,2902130,-56.35653370052544,75.97769596762078,34.44272151857828
2017.0,2902132,20.68415005103803,66.62107179312737,35.663252466825334
2017.0,2902133,20.095618181818026,65.97326677686031,35.67735060495868
2017.0,2902136,2.012427850655902,89.00279061554072,34.881042406659894
2017.0,2902137,0.8956395563770864,86.53177310536007,34.9560480683919
2017.0,2902138,-0.9041241890639351,91.45226073524734,34.84804146740806
2017.0,2902140,-10.352180346175462,57.068752931324056,34.896655206588505
2017.0,2902141,-10.622184346035091,59.81388053553076,34.94255984037082
2017.0,2902142,-16.38980125563562,42.462196996229814,34.90922024866785
2017.0,2902143,-5.443080773606385,81.29416382252498,34.883595705346934
2017.0,2902146,-2.099534158784789,93.58433708607916,34.85141877328746
2017.0,2902147,-3.4402695692449954,62.82940991199631,35.0813680453913
2017.0,2902148,-1.5520992613111764,76.32860110803301,35.05475152816253
2017.0,2902149,-4.3826842348590125,86.25300462320907,34.945499634766584
2017.0,2902150,0.13586288283225517,83.91062882832279,34.93841015734759
2017.0,2902151,-0.6782269705603059,66.93719278252559,35.11720613485273
2017.0,2902152,0.5881363420427493,81.83074489311132,35.007295691211375
2017.0,2902153,7.641761904761878,74.27013605442141,35.1140628425656
2017.0,2902154,13.298617338709729,85.75866804434735,34.78711799697573
2017.0,2902156,4.017686261485436,79.96566389903734,35.043761874238854
2017.0,2902157,7.260946192809024,88.44512023581795,34.858352189653715
2017.0,2902158,12.632961920348277,91.28980354610046,34.705678225313385
2017.0,2902159,15.399189804553293,91.19142444085332,34.65761332157968
2017.0,2902160,14.578431715174972,90.71947408943947,34.68199006279687
2017.0,2902161,12.59343378217121,90.13890361343049,34.70751385120174
2017.0,2902162,-19.958375811209628,62.615359292035365,35.00444165781713
2017.0,2902163,-28.127798704303974,67.35933549282689,35.18718181397495
2017.0,2902164,-58.341815643604185,61.030772120716286,34.366833641962586
2017.0,2902165,-21.100403143781776,62.837914008321505,35.031803573740106
2017.0,2902166,-29.390082242990676,49.58417663551406,35.1195834813084
2017.0,2902167,-65.62688374450624,63.458459952688074,34.523207074154584
2017.0,2902168,-34.21096477867751,76.68861637315463,35.037000204664416
2017.0,2902169,-32.04016440886661,62.983206896551465,35.088830886699476
2017.0,2902171,-58.38376270710366,71.5259971918001,34.49808005054765
2017.0,2902172,-55.73333840304136,102.2583189163502,34.385967457224346
2017.0,2902173,-55.03274511718741,70.69613769531296,34.26002883300774
2017.0,2902174,16.423279291553175,71.17166439600327,35.66993366257951
2017.0,2902178,-38.29350882282708,17.768209578959535,35.06942561067407
2017.0,2902179,-0.7279555622732958,73.29582512091912,35.14160305925029
2017.0,2902181,1.1993335619793994,85.35098157765569,35.034452482116606
2017.0,2902182,0.9615471768548319,83.36234232384781,35.03351468408783
2017.0,2902183,-5.077938047867651,83.50736501527071,34.962537854821264
2017.0,2902184,-14.049221349352804,72.95119362292075,34.84849349353053
2017.0,2902185,-12.237985231062462,69.82223725583705,34.86401781324435
2017.0,2902186,-9.600561198833859,62.994518354621874,34.95759588353623
2017.0,2902187,-7.996760861206878,55.74814888504511,34.96541222414452
2017.0,2902188,2.8424166744381565,67.02566800335839,35.167334370045666
2017.0,2902189,17.053027869432505,92.62462617479423,34.8256131377632
2017.0,2902190,10.808117174123577,82.25661445693356,34.88266557917072
2017.0,2902192,14.413052213620672,90.39464036794918,34.83641624088415
2017.0,2902193,13.743935444891466,82.66062741416191,34.85830682511585
2017.0,2902194,12.694039389313687,82.83999407147675,34.86760478204134
2017.0,2902195,9.631557048873056,82.80908141784204,34.88435611882383
2017.0,2902196,14.35850520557765,84.65652684507045,34.844458503668235
2017.0,2902197,13.429778621509634,84.72211702606272,34.8667127514222
2017.0,2902199,15.407550396544728,63.87473869554899,35.37036790040456
2017.0,2902200,13.610722776985183,65.33768473609187,35.62644225392305
2017.0,2902201,17.21471547344106,65.64564711316378,35.850385556582005
2017.0,2902202,17.522319996284633,69.70548412790514,35.44472967777993
2017.0,2902203,16.513835958005455,60.64310236220527,35.84645568241471
2017.0,2902204,21.023719988337387,67.11035349176143,35.463815940516206
2017.0,2902205,20.010296062945933,67.26035090365595,35.45547152897329
2017.0,2902206,19.655511417697557,65.08255708848682,35.87705013796381
2017.0,2902209,9.368183626118558,65.29113335543165,35.529886920782154
2017.0,2902210,16.96017653252175,67.66438897987798,35.95802845226946
2017.0,2902211,16.317371624612857,64.76788789287066,36.00547753430732
2017.0,2902212,-3.0587859181731623,80.91128020932422,34.999331165556626
2017.0,2902213,-9.826181214421121,79.39440654649029,34.88159413187858
2017.0,2902214,-12.54174505183756,77.9676734212997,34.810687483506115
2017.0,2902215,-1.5268002163721017,83.54154970549347,35.072893818968815
2017.0,2902216,0.6791824085839505,88.8259709162835,35.011423279683704
2017.0,2902217,17.28966498739701,89.76876727322635,34.68186649211268
2017.0,2902218,-29.51775561912467,57.50401838986705,35.370325843890576
2017.0,2902219,-32.67270473933623,55.79897345971579,35.127580355450235
2017.0,2902220,-38.22394784257928,57.98943006164024,35.06667963963958
2017.0,2902221,-43.16051611328128,72.8409101562509,34.639748281249894
2017.0,2902222,-53.45057900374832,71.24929030530305,34.219324070701774
2017.0,2902223,-52.641904668303994,81.36361130221131,34.3042542309582
2017.0,2902224,-56.06095420660323,64.11629020234227,34.31151528221519
2017.0,2902225,-51.92398343131997,62.65407642971692,34.23417528059851
2017.0,2902226,-50.589727611940404,59.8677185501064,34.203902830490414
2017.0,2902227,-59.49928343100704,65.0658225892381,34.38448418753328
2017.0,2902228,-57.83748560767621,63.94927718550153,34.35211005330492
2017.0,2902229,18.529257614740047,90.54115140952315,34.36169292057431
2017.0,2902230,17.805052848201534,90.60201955626682,34.32262683568366
2017.0,2902231,17.806541900048188,90.74991322265538,34.358044266446655
2017.0,2902232,15.178938597269584,89.12690494302616,34.36595317701477
2017.0,2902233,15.921787989643715,89.36191606838491,34.019564166539666
2017.0,2902234,15.844902974595255,89.33753734200793,34.36551445691306
2017.0,2902235,14.64823330482774,89.17371142035299,34.36828742245202
2017.0,2902236,16.783111051836343,87.5177113897021,34.53304077353965
2017.0,2902243,-1.1001734937655847,82.78980220656905,35.217419451371576
2017.0,2902246,-48.22680368098179,64.00863190184045,34.24936760736196
2017.0,2902248,-58.041999999999945,70.44900000000003,34.29090672131149
2017.0,2902252,-66.41666666666667,74.75,34.477793896103876
